Category,Subcategory,Keyword
Veterinary & Healthcare,General Vet Care,Vet near me
Veterinary & Healthcare,General Vet Care,Dog doctor
Veterinary & Healthcare,General Vet Care,Cat doctor
Veterinary & Healthcare,General Vet Care,Pet clinic
Veterinary & Healthcare,General Vet Care,Animal hospital
Veterinary & Healthcare,General Vet Care,Pet doctor
Veterinary & Healthcare,General Vet Care,Veterinarian
Veterinary & Healthcare,General Vet Care,Pet surgery
Veterinary & Healthcare,Preventive Care,Vaccination
Veterinary & Healthcare,Preventive Care,Deworming
Veterinary & Healthcare,Preventive Care,Puppy vaccination
Veterinary & Healthcare,Preventive Care,Cat vaccination
Veterinary & Healthcare,Emergency Care,Emergency vet
Veterinary & Healthcare,Emergency Care,24 hour vet
Veterinary & Healthcare,Emergency & Diagnostics,Pet blood test
Veterinary & Healthcare,Emergency & Diagnostics,Pet scan
Veterinary & Healthcare,Emergency & Diagnostics,Pet X-ray
Veterinary & Healthcare,Specialized Care,Pet dentist
Veterinary & Healthcare,Specialized Care,Pet physiotherapy
Veterinary & Healthcare,Specialized Care,Senior pet care
Veterinary & Healthcare,Home & Online Care,Home vet visit
Veterinary & Healthcare,Home & Online Care,Online vet consultation
Veterinary & Healthcare,Home Visit,At home vet
Grooming,General Grooming,Dog grooming
Grooming,General Grooming,Cat grooming
Grooming,General Grooming,Pet spa
Grooming,Home Services,Home grooming
Grooming,Home Services,Doorstep grooming
Grooming,Bath & Fur Care,Bath & blow dry
Grooming,Bath & Fur Care,Medicated bath
Grooming,Bath & Fur Care,Deshedding
Grooming,Hygiene Services,Nail trimming
Grooming,Hygiene Services,Hair cut
Grooming,Hygiene Services,Dog haircut
Grooming,Hygiene Services,Fur trimming
Grooming,Skin & Tick Care,Tick treatment
Grooming,Skin & Tick Care,Flea treatment
Grooming,Breed Specific,Puppy grooming
Grooming,Breed Specific,Persian cat grooming
Grooming,Home Visit,At home grooming
Grooming,Same Day,Same day grooming
Walking & Sitting,Dog Walking,Dog walker
Walking & Sitting,Dog Walking,Daily dog walk
Walking & Sitting,Dog Walking,Puppy walk
Walking & Sitting,Pet Sitting,Pet sitter
Walking & Sitting,Pet Sitting,Cat sitter
Walking & Sitting,Pet Sitting,Overnight pet sitter
Walking & Sitting,Home Care,Home pet care
Walking & Sitting,Home Care,Weekend pet care
Walking & Sitting,Home Care,Pet nanny
Boarding & Daycare,Boarding,Dog boarding
Boarding & Daycare,Boarding,Safe boarding
Boarding & Daycare,Boarding,Keep my dog
Boarding & Daycare,Boarding,Cat boarding
Boarding & Daycare,Boarding,Pet hostel
Boarding & Daycare,Daycare,Pet daycare
Boarding & Daycare,Daycare,Cage free boarding
Boarding & Daycare,Premium Stays,Luxury pet boarding
Boarding & Daycare,Premium Stays,Home boarding
Boarding & Daycare,Premium Stays,Pet staycation
Boarding & Daycare,Specialty,Kennel
Boarding & Daycare,Specialty,Cat hotel
Training & Behaviour,Basic Training,Dog trainer
Training & Behaviour,Basic Training,Puppy training
Training & Behaviour,Basic Training,Obedience training
Training & Behaviour,Behaviour Correction,Aggressive dog training
Training & Behaviour,Behaviour Correction,Behaviourist
Training & Behaviour,Behaviour Correction,Barking
Training & Behaviour,Behaviour Correction,Anxiety
Training & Behaviour,Behaviour Correction,Biting
Training & Behaviour,Behaviour Correction,Behaviour correction
Training & Behaviour,Behaviour Correction,Stop barking
Training & Behaviour,Habit Training,Potty training
Training & Behaviour,Habit Training,Leash training
Training & Behaviour,Advanced Training,Socialization training
Training & Behaviour,Advanced Training,Therapy dog trainer
Training & Behaviour,Home Training,At home training
Nutrition & Wellness,Nutrition Services,Pet nutritionist
Nutrition & Wellness,Nutrition Services,Diet plan
Nutrition & Wellness,Specialized Diets,Homemade dog food
Nutrition & Wellness,Specialized Diets,Raw diet
Nutrition & Wellness,Specialized Diets,Allergy diet
Nutrition & Wellness,Age Specific,Senior dog nutrition
Nutrition & Wellness,Age Specific,Cat nutrition
Nutrition & Wellness,Age Specific,Weight management
Nutrition & Wellness,Age Specific,Overweight
Nutrition & Wellness,Supplements,Pet supplements
Nutrition & Wellness,Home Nutrition,At home nutrition
Ecommerce – Food,Pet Food,Dog food
Ecommerce – Food,Pet Food,Cat food
Ecommerce – Food,Pet Food,Puppy food
Ecommerce – Food,Diet Categories,Grain free food
Ecommerce – Food,Diet Categories,Wet food
Ecommerce – Food,Diet Categories,Dry food
Ecommerce – Food,Snacks,Treats
Ecommerce – Food,Snacks,Biscuits
Ecommerce – Food,Snacks,Fresh food
Ecommerce – Food,Snacks,Prescription diet
Ecommerce – Accessories,Walking Gear,Dog leash
Ecommerce – Accessories,Walking Gear,Dog collar
Ecommerce – Accessories,Walking Gear,Harness
Ecommerce – Accessories,Walking Gear,Cat Collars
Ecommerce – Accessories,Walking Gear,Bandanas
Ecommerce – Accessories,Living Essentials,Pet bed
Ecommerce – Accessories,Living Essentials,Crate
Ecommerce – Accessories,Living Essentials,Carrier
Ecommerce – Accessories,Living Essentials,Bowls
Ecommerce – Accessories,Hygiene,Cat litter
Ecommerce – Accessories,Fashion,Pet clothes
Ecommerce – Accessories,Fashion,Raincoat
Ecommerce – Accessories,Fashion,Shoes
Ecommerce – Accessories,Entertainment,Toys
Ecommerce – Accessories,Entertainment,GPS tracker
Ecommerce – Health Products,Pet Medicine,Pet medicine
Ecommerce – Health Products,Skin & Coat,Tick shampoo
Ecommerce – Health Products,Skin & Coat,Flea powder
Ecommerce – Health Products,Skin & Coat,Skin care
Ecommerce – Health Products,Supplements,Supplements
Ecommerce – Health Products,Supplements,Calcium syrup
Ecommerce – Health Products,Supplements,Joint care
Ecommerce – Health Products,Hygiene Products,Ear cleaner
Ecommerce – Health Products,Hygiene Products,Dental care
Insurance,Pet Insurance,Pet insurance
Adoption,Adoption,Pet adoption
Adoption,Adoption,Puppy adoption
Adoption,Adoption,Cat adoption
Lifestyle & Discovery,Resort,Pet resort
Lifestyle & Discovery,Resort,Pet friendly hotel
Lifestyle & Discovery,Photography,Pet photography
Lifestyle & Discovery,Cafe,Pet friendly cafe
Lifestyle & Discovery,Breeder,Pet breeder
Lifestyle & Discovery,Relocation,Pet relocation
Lifestyle & Discovery,Travel,Pet travel
Lifestyle & Discovery,Holiday,Pet holiday
Location & Convenience,Ambulance,Pet ambulance
Location & Convenience,Ambulance,Animal ambulance
