table_name,kind,est_rows,total_mb,table_mb,index_mb,toast_mb,pk_columns,fk_out_count,fk_in_count,index_count,trigger_count,name_tag,domains
analytics_events,table,61972480,25.57,33.49,0.04,NaN,id,1,1,7,0,,Analytics
audit_logs,table,9363456,7.68,1.11,0.14,NaN,id,0,0,5,0,,Other
analytics_sessions,table,2727936,1.12,1.33,0.16,NaN,id,0,1,4,0,,Analytics
vendor_services,table,1810432,0.55,1.13,0.04,NaN,id,1,1,11,3,,Vendor
notifications,table,1523712,1.20,0.22,0.04,0.00,id,0,1,3,0,,Notifications
notification_delivery_log,table,1245184,0.67,0.48,0.04,NaN,id,1,0,5,0,,Notifications
vendors,table,1179648,0.26,0.73,0.13,NaN,id,4,105,19,0,,Vendor
vendor_onboarding_applications,table,1122304,0.16,0.08,0.84,NaN,id,2,0,5,0,,Vendor
processed_events,table,1105920,0.65,0.37,0.04,0.00,id,0,0,3,0,,Other
bookings,table,1040384,0.36,0.58,0.05,NaN,id,8,42,31,4,,Booking
search_index,table,819200,0.57,0.16,0.05,0.00,id,0,0,2,0,,Search
otp_tokens,table,786432,0.27,0.44,0.04,NaN,id,0,0,6,0,,Other
vendor_availability_v2,table,770048,0.34,0.36,0.04,NaN,id,1,0,10,0,Enhanced/Versioned,Vendor
vendor_admin_portal_codes,table,704512,0.34,0.30,0.03,NaN,id,2,0,4,0,,Vendor
vendor_earnings,table,696320,0.50,0.13,0.04,NaN,id,0,0,8,0,,Vendor
service_catalog,table,548864,0.18,0.31,0.03,NaN,id,2,0,10,0,,Other
role_permissions,table,442368,0.09,0.30,0.04,0.00,id,1,0,4,0,,RBAC
onboarding_forms,table,425984,0.13,0.08,0.20,0.00,id,0,0,3,0,,Other
customers,table,425984,0.10,0.19,0.12,NaN,id,1,77,10,0,,Customer
pets,table,385024,0.16,0.02,0.19,NaN,id,1,18,1,0,,Customer
notification_campaign_deliveries,table,344064,0.11,0.18,0.04,0.00,id,1,0,4,0,,Notifications
vendor_identity,table,344064,0.09,0.20,0.04,NaN,id,2,3,9,0,,Vendor
services,table,335872,0.22,0.07,0.03,NaN,id,2,4,3,0,,Other
auth_operation_rate_events,table,311296,0.10,0.16,0.03,NaN,id,0,0,2,0,,Other
payments,table,311296,0.11,0.15,0.04,NaN,id,6,6,6,3,,Payments
vendor_specializations,table,311296,0.09,0.17,0.04,NaN,id,1,0,4,0,,Vendor
meal_orders,table,311296,0.10,0.16,0.04,0.00,id,6,5,10,2,,Delivery
vendor_onboarding_transitions,table,311296,0.11,0.15,0.04,NaN,id,1,0,3,0,,Vendor
pharmacy_orders,table,303104,0.02,0.19,0.09,NaN,id,4,4,13,2,,Pharmacy
support_tickets,table,303104,0.05,0.18,0.05,NaN,id,6,3,12,0,,Support
roles,table,286720,0.06,0.17,0.04,NaN,id,0,8,3,0,,RBAC
device_tokens,table,270336,0.08,0.14,0.04,NaN,id,0,0,5,0,,Notifications
customer_admin_portal_codes,table,253952,0.09,0.13,0.03,NaN,id,2,0,4,0,,Customer
content_pages,table,245760,0.02,0.08,0.14,0.00,id,0,0,5,0,,Other
platform_settings,table,237568,0.02,0.03,0.18,0.00,id,0,0,2,0,,Admin
customer_identity,table,237568,0.11,0.08,0.04,NaN,id,1,1,5,0,,Customer
loyalty_transactions,table,237568,0.12,0.07,0.04,0.00,id,2,0,2,0,,Loyalty
specialization_master,table,221184,0.04,0.14,0.03,NaN,id,0,1,7,1,,Other
specialization_symptoms,table,204800,0.03,0.13,0.03,NaN,id,1,0,5,0,,Other
package_purchases,table,204800,0.02,0.15,0.03,0.00,id,4,5,10,0,,Booking
video_call_sessions,table,196608,0.05,0.09,0.04,NaN,id,2,0,6,0,,Tele
vendor_refund_tiers,table,196608,0.05,0.10,0.03,0.00,id,0,0,7,0,,Vendor
gps_tracking_sessions,table,188416,0.01,0.13,0.04,NaN,id,1,1,9,0,,Other
platform_policies,table,188416,0.01,0.03,0.14,0.00,id,0,0,2,0,,Admin
error_case_occurrences,table,180224,0.03,0.12,0.02,NaN,id,2,0,3,0,,Other
meal_plans,table,172032,0.02,0.12,0.03,0.00,id,3,2,6,1,,Delivery
problem_grid_mappings,table,163840,0.02,0.10,0.04,0.00,id,0,0,6,0,,Other
loyalty_action_rules,table,163840,0.02,0.11,0.03,0.00,id,0,0,7,0,,Loyalty
vendor_wallet_transactions,table,163840,0.06,0.06,0.03,NaN,id,2,0,4,0,,Vendor
customer_loyalty_points,table,155648,0.04,0.08,0.03,0.00,id,0,0,2,0,,Customer
customer_addresses,table,155648,0.06,0.05,0.04,NaN,id,1,0,3,0,,Customer
banners,table,147456,0.01,0.13,0.01,NaN,id,0,1,9,0,,Other
admins,table,147456,0.01,0.13,0.01,NaN,id,1,3,8,0,,Admin
prescriptions,table,147456,0.01,0.13,0.01,NaN,id,7,4,8,1,,Other
package_scheduled_sessions,table,147456,0.02,0.08,0.04,NaN,id,2,0,5,0,,Other
service_categories,table,147456,0.01,0.11,0.02,0.00,id,0,3,7,0,,Other
discovery_rules,table,147456,0.01,0.11,0.02,NaN,id,0,0,8,0,,Search
ai_booking_wizard_sessions,table,139264,0.04,0.06,0.03,NaN,id,1,0,4,0,,AI
wallet_transactions,table,139264,0.07,0.03,0.03,0.00,id,1,0,1,0,,Wallet
meal_refund_cases,table,131072,0.01,0.11,0.01,NaN,id,3,1,7,0,,Delivery
vendor_referrals,table,131072,0.01,0.11,0.01,0.00,id,2,0,7,0,,Vendor
reviews,table,131072,0.01,0.11,0.01,NaN,id,3,0,7,0,,Other
ai_chatbot_conversations,table,131072,0.05,0.05,0.03,NaN,id,2,0,3,0,,AI
regions,table,122880,0.02,0.05,0.05,NaN,id,0,0,3,0,,Other
action_sources,table,122880,0.02,0.06,0.03,0.00,id,0,0,3,0,,Other
vendor_daily_accrual,table,122880,0.02,0.06,0.04,NaN,id,1,0,4,0,,Vendor
products,table,122880,0.02,0.07,0.03,0.00,id,3,4,5,3,,Ecommerce
vendor_bank_details,table,122880,0.02,0.06,0.04,NaN,id,1,1,4,0,,Vendor
customer_profile_completion,table,122880,0.02,0.06,0.03,NaN,id,1,0,4,0,,Customer
gps_location_history,table,122880,0.03,0.06,0.02,0.00,id,1,0,4,0,,Other
support_ticket_responses,table,122880,0.02,0.06,0.03,0.00,id,1,0,4,0,,Support
support_ticket_activity,table,122880,0.04,0.05,0.03,NaN,id,1,0,3,0,,Support
delivery_tracking,table,122880,0.01,0.10,0.01,0.00,id,3,4,7,1,,Delivery
medical_records,table,114688,0.01,0.09,0.01,NaN,id,7,1,6,1,,Other
pidge_hyperlocal_webhook_events,table,114688,0.02,0.06,0.03,NaN,id,2,1,4,0,,Delivery
banner_clicks,table,114688,0.04,0.04,0.03,0.00,id,0,0,1,0,,Other
product_error_cases,table,114688,0.02,0.05,0.04,NaN,id,1,1,4,0,,Other
customer_subscriptions,table,114688,0.00,0.10,0.01,NaN,id,3,0,13,1,,Customer
chat_messages,table,114688,0.02,0.06,0.03,0.00,id,1,0,4,0,,Other
loyalty_segments,table,114688,0.01,0.09,0.01,NaN,id,0,2,6,0,,Loyalty
vendor_tiers,table,98304,0.01,0.08,0.01,NaN,id,0,2,5,0,,Vendor
vendor_wallets,table,98304,0.02,0.05,0.03,NaN,id,1,1,3,0,,Vendor|Wallet
diagnostic_tests,table,98304,0.01,0.08,0.01,0.00,id,1,0,5,1,,Diagnostics
product_skus,table,98304,0.01,0.08,0.01,NaN,id,2,1,5,0,,Other
payouts,table,98304,0.02,0.05,0.03,NaN,id,2,2,3,3,,Payments
tax_categories,table,98304,0.01,0.08,0.01,0.00,id,1,5,5,0,,Other
sample_collection_assignments,table,90112,0.00,0.08,0.01,NaN,id,6,0,10,0,,Other
customer_segment_assignments,table,90112,0.01,0.08,0.00,NaN,id,2,0,5,0,,Customer
vendor_breaks,table,90112,0.03,0.02,0.04,0.00,id,1,0,1,0,,Vendor
pet_listings,table,90112,0.00,0.08,0.01,NaN,id,1,1,10,0,,Other
user_roles,table,90112,0.01,0.08,0.00,NaN,id,1,0,5,0,,Other
service_packages,table,81920,0.01,0.06,0.01,0.00,id,1,0,4,0,,Other
reward_catalog_links,table,81920,0.01,0.06,0.01,NaN,id,3,0,4,0,,Other
reward_redemptions,table,81920,0.01,0.06,0.01,NaN,id,2,1,4,0,,Other
logistics_partners,table,81920,0.01,0.06,0.01,NaN,id,0,1,4,0,,Other
meal_subscription_deliveries,table,81920,0.00,0.07,0.01,NaN,id,2,1,9,0,,Delivery
settlements,table,81920,0.01,0.06,0.01,0.00,id,4,3,5,0,,Payments
delivery_settlements,table,81920,0.01,0.06,0.01,0.00,id,3,0,4,1,,Delivery
ecommerce_policies,table,81920,0.01,0.06,0.01,NaN,id,1,2,4,0,,Ecommerce
coupons,table,81920,0.01,0.06,0.01,NaN,id,0,1,4,0,,Loyalty
gst_rules,table,81920,0.01,0.06,0.01,0.00,id,1,1,4,0,,Other
support_agents,table,81920,0.01,0.06,0.01,NaN,id,0,0,4,0,,Support
referral_redemptions,table,81920,0.01,0.06,0.01,NaN,id,2,0,4,0,,Other
training_skills,table,81920,0.01,0.06,0.01,NaN,id,0,2,4,0,,Other
package_usage_log,table,81920,0.01,0.06,0.01,NaN,id,2,0,4,0,,Other
notification_templates_enhanced,table,73728,0.00,0.06,0.01,NaN,id,0,1,8,0,Enhanced/Versioned,Notifications
notification_campaigns,table,73728,0.01,0.05,0.01,0.00,id,0,6,4,0,,Notifications
customer_referrals,table,73728,0.01,0.05,0.01,0.00,id,3,0,4,0,,Customer
meal_subscriptions,table,73728,0.00,0.06,0.01,0.00,id,2,3,8,2,,Delivery
cancellation_policies,table,65536,0.01,0.05,0.01,0.00,id,0,0,4,0,,Other
hsn_codes,table,65536,0.01,0.05,0.01,0.00,id,1,1,3,0,,Other
scheduling_policies,table,65536,0.01,0.05,0.01,0.00,id,0,0,3,0,,Other
promotions,table,65536,0.00,0.05,0.01,0.00,id,0,0,7,0,,Other
ecommerce_commission_settings,table,65536,0.01,0.05,0.01,NaN,id,0,0,3,0,,Ecommerce
vendor_bank_accounts,table,65536,0.01,0.05,0.01,0.00,id,1,0,3,1,,Vendor
prescription_submissions,table,65536,0.00,0.05,0.01,NaN,id,4,0,7,0,,Other
commission_tiers,table,65536,0.01,0.05,0.01,0.00,id,0,0,3,0,,Other
meal_rider_reassign_requests,table,65536,0.01,0.05,0.01,NaN,id,2,0,3,0,,Delivery
medicine_orders,table,65536,0.00,0.05,0.01,NaN,id,4,1,7,1,,Pharmacy
diagnostic_bookings,table,65536,0.00,0.05,0.01,NaN,id,5,2,7,1,,Diagnostics
admin_ai_audit,table,65536,0.01,0.05,0.01,0.00,id,0,0,3,0,,Admin
platform_tax_products,table,65536,0.01,0.05,0.01,NaN,id,0,0,3,0,,Admin
referrals,table,65536,0.01,0.05,0.01,0.00,id,3,1,3,0,,Other
dating_profiles_pet,table,65536,0.00,0.05,0.01,NaN,id,2,0,7,0,Experimental/Dating,Dating
support_reply_templates,table,65536,0.01,0.05,0.01,0.00,id,0,0,3,0,,Support
holiday_bookings,table,65536,0.00,0.05,0.01,NaN,id,3,0,7,0,,Other
pharmacy_broadcasts,table,65536,0.01,0.05,0.01,0.00,id,2,0,3,0,,Pharmacy
invoices,table,65536,0.00,0.05,0.01,NaN,id,3,0,7,0,,Other
notification_logs,table,65536,0.00,0.05,0.01,NaN,id,1,0,7,0,,Notifications
deliveries,table,57344,0.00,0.05,0.01,NaN,id,4,0,6,0,,Other
tax_category_roles,table,57344,0.01,0.05,0.00,NaN,tax_category_id|role_id,3,0,3,0,,Other
holiday_packages,table,57344,0.00,0.05,0.01,NaN,id,1,1,6,0,,Other
delivery_location_history,table,57344,0.01,0.05,0.00,0.00,id,1,0,3,0,,Delivery
user_subscriptions,table,57344,0.00,0.05,0.01,NaN,id,2,0,6,0,,Other
dating_matches,table,57344,0.00,0.05,0.01,NaN,id,3,3,6,0,Experimental/Dating,Dating
booking_policies,table,57344,0.00,0.05,0.01,0.00,id,1,0,6,0,,Booking
staff_availability_per_style,table,57344,0.00,0.05,0.00,0.00,id,1,0,7,0,,Staff
breeder_profiles,table,57344,0.00,0.05,0.01,NaN,id,1,1,6,0,,Other
nutrition_consultation_requests,table,57344,0.00,0.05,0.01,NaN,id,5,0,6,0,,Other
adoption_center_profiles,table,57344,0.00,0.05,0.01,NaN,id,1,0,6,0,,Other
pet_inquiries,table,57344,0.00,0.05,0.01,NaN,id,2,0,6,0,,Other
staff,table,57344,0.00,0.05,0.01,NaN,id,1,19,5,0,,Staff
groomer_gallery,table,57344,0.00,0.05,0.01,NaN,id,3,0,6,0,,Other
booking_cancellation_rules,table,57344,0.01,0.05,0.00,0.00,id,1,0,4,0,,Booking
return_requests,table,57344,0.00,0.05,0.01,0.00,id,4,0,6,1,,Other
logistics_rules,table,49152,0.01,0.03,0.01,NaN,id,0,0,2,1,,Other
mating_appointments,table,49152,0.00,0.04,0.01,NaN,id,8,0,5,0,,Other
ui_configs,table,49152,0.00,0.04,0.01,NaN,id,0,0,5,0,,Other
refund_tiers,table,49152,0.01,0.03,0.01,0.00,id,0,0,2,0,,Other
admin_settings,table,49152,0.01,0.03,0.01,0.00,id,0,0,2,0,,Admin
gst_configs,table,49152,0.01,0.03,0.01,0.00,id,0,1,2,0,,Other
payment_gateway_settings,table,49152,0.01,0.03,0.01,0.00,id,0,0,2,0,,Other
payout_rules,table,49152,0.01,0.03,0.01,0.00,id,0,0,2,0,,Payments
booking_rules,table,49152,0.01,0.03,0.01,0.00,id,0,0,2,0,,Booking
cafe_tables,table,49152,0.00,0.04,0.01,0.00,id,1,0,5,0,,Other
rbac_policies,table,49152,0.00,0.04,0.01,NaN,id,0,0,5,0,,Admin
platform_integrations,table,49152,0.01,0.03,0.01,0.00,id,0,0,2,0,,Admin
banner_analytics,table,49152,0.00,0.04,0.01,NaN,id,2,0,5,0,,Other
service_style_mappings,table,49152,0.01,0.03,0.01,0.00,id,0,0,2,0,,Other
subscriptions,table,49152,0.00,0.04,0.01,0.00,id,3,2,5,0,,Other
package_milestones,table,49152,0.00,0.04,0.01,0.00,id,1,0,5,0,,Other
audit_trail,table,49152,0.00,0.04,0.01,NaN,id,0,0,5,0,Duplicate-candidate,Other
spotlight_offers,table,49152,0.00,0.04,0.01,NaN,id,0,1,5,0,,Other
dating_meetups,table,49152,0.00,0.04,0.01,NaN,id,6,0,5,0,Experimental/Dating,Dating
payout_policies,table,49152,0.01,0.03,0.01,NaN,id,0,0,2,0,,Payments
tele_sessions,table,49152,0.00,0.04,0.01,NaN,id,3,0,5,0,,Tele
tele_queues,table,49152,0.00,0.04,0.01,NaN,id,2,0,5,0,Duplicate-candidate,Tele
rbac_audit_logs,table,49152,0.00,0.04,0.01,NaN,id,1,0,5,0,,Admin
advertising_campaigns,table,49152,0.00,0.04,0.01,NaN,id,1,4,5,0,,Other
ad_impressions,table,49152,0.00,0.04,0.01,NaN,id,3,2,5,0,,Other
ad_clicks,table,49152,0.00,0.04,0.01,NaN,id,4,1,5,0,,Other
performance_metrics,table,49152,0.00,0.04,0.01,0.00,id,0,0,5,0,,Other
optimization_tasks,table,49152,0.00,0.04,0.01,NaN,id,0,0,5,0,,Other
video_call_rooms,table,49152,0.00,0.04,0.01,NaN,id,1,1,5,0,,Tele
vendor_portfolio,table,49152,0.00,0.04,0.01,NaN,id,1,0,5,0,,Vendor
vendor_subscription_plans,table,49152,0.00,0.04,0.01,NaN,id,1,1,5,0,,Vendor
customer_payment_methods,table,49152,0.01,0.03,0.01,0.00,id,1,0,2,0,,Customer
pet_skill_progress,table,49152,0.00,0.04,0.01,NaN,id,4,0,5,0,,Other
customer_provider_history,table,49152,0.00,0.04,0.01,NaN,id,3,0,5,0,,Customer
customer_deactivation_requests,table,49152,0.01,0.03,0.01,0.00,id,1,0,2,0,,Customer
rewards_catalog,table,49152,0.01,0.03,0.01,NaN,id,0,2,2,0,,Loyalty
delivery_partners,table,49152,0.00,0.04,0.01,NaN,id,1,1,5,0,,Delivery
delivery_routes,table,49152,0.00,0.04,0.01,NaN,id,1,0,5,0,,Delivery
notification_state_transitions,table,49152,0.01,0.03,0.01,NaN,id,0,0,2,0,,Notifications
refunds,table,49152,0.01,0.03,0.01,NaN,id,5,2,2,0,,Payments
loyalty_rules,table,49152,0.01,0.03,0.01,0.00,id,0,0,2,0,,Loyalty
ecommerce_categories,table,49152,0.01,0.03,0.01,0.00,id,1,3,2,0,,Ecommerce
notification_campaign_events,table,49152,0.01,0.03,0.01,0.00,id,1,0,2,0,,Notifications
diagnostic_reports,table,49152,0.00,0.04,0.01,NaN,id,4,1,5,0,,Diagnostics
platform_tax_documents,table,49152,0.00,0.04,0.01,NaN,id,1,1,5,0,,Admin
adoption_applications,table,40960,0.00,0.03,0.01,0.00,id,2,0,4,0,,Other
pidge_support_tickets,table,40960,0.00,0.03,0.01,NaN,id,0,0,4,0,,Delivery
ad_budget_transactions,table,40960,0.00,0.03,0.01,NaN,id,4,0,4,0,,Other
user_devices,table,40960,0.00,0.03,0.01,0.00,id,0,0,4,0,,Other
insurance_claims,table,40960,0.00,0.03,0.01,0.00,id,2,0,4,0,,Insurance
vendor_setup_completion,table,40960,0.00,0.03,0.01,NaN,id,1,0,4,0,,Vendor
pharmacy_quotes,table,40960,0.00,0.03,0.01,NaN,id,2,0,4,0,,Pharmacy
scheduled_notifications,table,40960,0.00,0.03,0.01,0.00,id,0,0,4,0,,Other
walk_routes,table,40960,0.00,0.03,0.01,NaN,id,4,0,4,0,,Other
package_sessions,table,40960,0.00,0.03,0.01,NaN,id,3,1,4,0,,Booking
ad_performance_analytics,table,40960,0.00,0.04,0.00,NaN,id,2,0,5,0,,Other
booking_staff_assignments,table,40960,0.00,0.03,0.01,0.00,id,2,0,4,0,,Booking
ambulance_vehicles,table,40960,0.00,0.03,0.01,0.00,id,1,0,4,1,,Other
orders,table,40960,0.00,0.03,0.01,NaN,id,3,9,4,0,,Ecommerce
vendor_policies,table,40960,0.00,0.03,0.01,NaN,id,1,0,4,0,,Vendor
product_policies,table,40960,0.00,0.03,0.01,NaN,id,2,0,4,0,,Other
vendor_segment_assignments,table,40960,0.00,0.04,0.00,NaN,id,2,0,5,0,,Vendor
ecommerce_loyalty_pending_awards,table,40960,0.00,0.03,0.01,0.00,id,0,0,4,0,,Ecommerce
rbac_permissions_catalog,table,40960,0.00,0.03,0.01,NaN,id,0,0,4,0,,Admin
pricing_rules,table,40960,0.00,0.03,0.01,NaN,id,2,0,4,0,,Other
vendor_registered_brands,table,40960,0.00,0.03,0.01,NaN,id,1,1,4,0,,Vendor
notification_channel_settings,table,40960,0.01,0.03,0.00,0.00,id,0,0,2,0,,Notifications
dating_analytics,table,40960,0.00,0.03,0.01,NaN,id,0,0,4,0,Experimental/Dating,Dating
customer_wallets,table,40960,0.01,0.03,0.00,0.00,id,1,1,2,0,,Customer|Wallet
shipments,table,40960,0.00,0.03,0.01,0.00,id,2,1,4,0,,Delivery
dating_chat_messages,table,40960,0.00,0.03,0.01,NaN,id,2,0,4,0,Experimental/Dating,Dating
policy_acceptances,table,40960,0.00,0.03,0.01,NaN,id,3,0,4,0,,Other
service_publishing,table,40960,0.00,0.03,0.01,NaN,id,2,0,4,0,,Other
spotlight_analytics,table,40960,0.00,0.03,0.01,NaN,id,2,0,4,0,,Other
gst_configurations,table,40960,0.00,0.03,0.01,NaN,id,0,0,4,0,Duplicate-candidate,Other
dating_profiles_owner,table,40960,0.00,0.03,0.01,NaN,id,1,0,4,0,Experimental/Dating,Dating
wallet_checkout_rules,table,40960,0.01,0.03,0.00,NaN,id,0,0,2,0,,Wallet
post_service_payments,table,40960,0.00,0.03,0.01,0.00,id,3,0,4,0,,Other
pet_vaccination_reminder_log,table,32768,0.00,0.02,0.01,NaN,id,2,0,3,0,,Other
boarding_facilities,table,32768,0.00,0.02,0.01,0.00,id,1,0,3,1,,Other
gps_tracking_points,table,32768,0.00,0.03,0.00,0.00,id,0,0,4,0,,Other
vendor_tier_subscriptions,table,32768,0.00,0.02,0.01,0.00,id,2,1,3,0,,Vendor
mating_requests,table,32768,0.01,0.02,0.01,0.00,id,0,0,1,0,,Other
shopping_carts,table,32768,0.00,0.02,0.01,NaN,id,1,0,3,0,,Other
booking_status_history,table,32768,0.00,0.02,0.01,NaN,id,1,0,3,0,,Booking
booking_state_transitions,table,32768,0.01,0.02,0.01,NaN,from_status|to_status,0,0,1,0,,Booking
subscription_tiers,table,32768,0.00,0.02,0.01,0.00,id,0,1,3,0,,Other
platform_tier_onboarding,table,32768,0.01,0.02,0.01,NaN,id,0,0,1,0,,Admin
shipment_tracking_events,table,32768,0.00,0.02,0.01,NaN,id,1,0,3,0,,Other
walker_live_sessions,table,32768,0.00,0.03,0.00,NaN,id,3,0,4,0,,Other
vendor_category_commission_rates,table,32768,0.00,0.03,0.00,NaN,id,2,0,4,0,,Vendor
training_session_skills,table,32768,0.00,0.02,0.01,NaN,id,4,0,3,0,,Other
booking_status_transitions,table,32768,0.00,0.02,0.01,0.00,id,1,0,3,0,,Booking
automation_jobs,table,32768,0.00,0.02,0.01,0.00,id,0,0,3,0,,Other
customer_compliance_issues,table,32768,0.00,0.02,0.01,0.00,id,1,0,3,0,,Customer
vendor_discounts,table,32768,0.00,0.02,0.01,0.00,id,0,0,3,0,,Vendor
pidge_partial_delivery_workflows,table,32768,0.00,0.02,0.01,NaN,id,0,0,3,0,,Delivery
vendor_documents,table,32768,0.01,0.02,0.01,NaN,id,1,0,1,1,,Vendor
notification_segments,table,32768,0.01,0.02,0.01,0.00,id,0,2,1,0,,Notifications
notification_campaign_templates,table,32768,0.01,0.02,0.01,0.00,id,0,0,1,0,,Notifications
support_routing_settings,table,32768,0.01,0.02,0.01,NaN,id,0,0,1,0,,Support
boarding_rooms,table,32768,0.00,0.02,0.01,NaN,id,1,1,3,0,,Other
referral_program_settings,table,32768,0.01,0.02,0.01,NaN,id,0,0,1,0,,Other
vendor_onboarding_comments,table,32768,0.00,0.02,0.01,NaN,id,1,0,3,0,,Vendor
vendor_onboarding_steps,table,32768,0.00,0.02,0.01,NaN,id,1,0,3,0,,Vendor
vendor_payment_rules,table,32768,0.00,0.02,0.01,0.00,id,0,0,3,0,,Vendor
subscription_plans,table,32768,0.00,0.02,0.01,0.00,id,1,0,3,1,,Other
video_call_history,table,32768,0.00,0.02,0.01,NaN,id,2,0,3,0,,Tele
settlement_rules,table,32768,0.00,0.02,0.01,0.00,id,0,0,3,0,,Other
vendor_holidays_enhanced,table,32768,0.01,0.02,0.01,0.00,id,1,0,1,0,Enhanced/Versioned,Vendor
wishlists,table,24576,0.00,0.02,0.00,NaN,id,1,0,3,0,,Ecommerce
support_sla_config,table,24576,0.00,0.02,0.01,0.00,id,0,0,2,0,,Support
vendor_commission_config,table,24576,0.00,0.02,0.01,NaN,vendor_id,1,0,2,0,,Vendor
report_templates,table,24576,0.00,0.02,0.01,0.00,id,0,0,2,0,,Other
platform_tax_document_lines,table,24576,0.00,0.02,0.01,0.00,id,1,0,2,0,,Admin
meal_subscription_payments,table,24576,0.00,0.02,0.01,0.00,id,1,0,2,0,,Delivery
support_categories,table,24576,0.00,0.02,0.01,0.00,id,0,0,2,0,,Support
popular_searches,table,24576,0.00,0.02,0.01,0.00,id,0,0,2,0,,Other
customer_tiers,table,24576,0.00,0.02,0.01,0.00,customer_id,1,0,2,0,,Customer
search_analytics,table,24576,0.00,0.02,0.01,0.00,id,0,0,2,0,,Other
cache_tokens,table,24576,0.00,0.02,0.01,NaN,id,0,0,2,0,,Other
subscription_payments,table,24576,0.00,0.02,0.01,0.00,id,2,0,2,0,,Other
product_commission_overrides,table,24576,0.00,0.02,0.01,NaN,product_id,1,0,2,0,,Other
notification_templates,table,24576,0.00,0.02,0.01,0.00,id,0,0,2,0,,Notifications
payment_timeout_rules,table,24576,0.00,0.02,0.01,0.00,id,0,0,2,0,,Other
coupon_usages,table,24576,0.00,0.02,0.00,NaN,id,4,0,3,0,Duplicate-candidate,Loyalty
no_show_policies,table,24576,0.00,0.02,0.01,0.00,id,0,0,2,0,,Other
rescheduling_policies,table,24576,0.00,0.02,0.01,0.00,id,0,0,2,0,,Other
payment_retry_log,table,24576,0.00,0.02,0.01,0.00,id,1,0,2,0,,Other
subscription_deliveries,table,24576,0.00,0.02,0.01,0.00,id,1,0,2,0,,Other
google_maps_settings,table,24576,0.00,0.02,0.01,0.00,id,0,0,2,0,,Other
schema_migrations,table,24576,0.00,0.02,0.01,0.00,id,0,0,2,0,,Other
coupon_usage,table,24576,0.00,0.02,0.00,0.00,id,0,0,3,0,,Loyalty
aws_settings,table,24576,0.00,0.02,0.01,0.00,id,0,0,2,0,,Other
notification_campaign_cities,table,24576,0.00,0.02,0.01,0.00,id,1,0,2,0,,Notifications
order_item_commission,table,24576,0.00,0.02,0.01,NaN,order_item_id,1,0,2,0,,Ecommerce
order_items,table,24576,0.00,0.02,0.01,0.00,id,3,1,2,0,,Ecommerce
support_escalation_rules,table,24576,0.00,0.02,0.01,0.00,id,0,0,2,0,,Support
notification_segment_rules,table,24576,0.00,0.02,0.01,0.00,id,1,0,2,0,,Notifications
item_stats,table,24576,0.00,0.02,0.01,0.00,id,0,0,2,0,,Other
staff_availability,table,16384,0.00,0.02,0.00,0.00,id,1,0,2,0,,Staff
reminder_queue,table,16384,0.00,0.01,0.01,0.00,id,1,0,1,0,,Other
featured_vendors,table,16384,0.00,0.02,0.00,0.00,id,1,0,2,0,,Other
health_checks,table,16384,0.00,0.01,0.01,0.00,id,0,0,1,0,,Other
cache_stats,table,16384,0.00,0.02,0.00,0.00,id,0,0,2,0,,Other
search_history,table,16384,0.00,0.01,0.01,0.00,id,1,0,1,0,,Other
vendor_stats,table,16384,0.00,0.02,0.00,0.00,id,0,0,2,0,,Vendor
zero_result_searches,table,16384,0.00,0.01,0.01,0.00,id,0,0,1,0,,Other
staff_certifications,table,16384,0.00,0.01,0.01,0.00,id,1,0,1,0,,Staff
package_services,table,16384,0.00,0.02,0.00,NaN,id,1,0,2,0,,Other
notification_campaign_regions,table,16384,0.00,0.02,0.00,0.00,id,1,0,2,0,,Notifications
bank_verifications,table,16384,0.00,0.01,0.01,0.00,id,2,0,1,0,,Other
notification_campaign_users,table,16384,0.00,0.02,0.00,0.00,id,1,0,2,0,,Notifications
tax_flexible_rules,table,16384,0.00,0.01,0.01,0.00,id,0,0,1,0,,Other
notification_segment_targets,table,16384,0.00,0.02,0.00,0.00,id,2,0,2,0,,Notifications
platform_revenue,table,16384,0.00,0.02,0.00,NaN,id,0,0,2,0,,Admin
settlement_schedules,table,16384,0.00,0.01,0.01,0.00,id,1,0,1,0,,Other
vendor_service_areas,table,16384,0.00,0.01,0.01,0.00,id,1,0,1,0,,Vendor
refund_rules,table,16384,0.00,0.01,0.01,0.00,id,0,0,1,0,,Other
disputes,table,16384,0.00,0.01,0.01,NaN,id,4,0,1,0,,Other
pending_reschedules,table,16384,0.00,0.01,0.01,0.00,id,1,0,1,0,,Other
staff_services,table,16384,0.00,0.02,0.00,NaN,id,2,0,2,0,,Staff
staff_specializations,table,16384,0.00,0.01,0.01,0.00,id,1,0,1,0,,Staff
booking_limits,table,16384,0.00,0.01,0.01,0.00,id,0,0,1,0,,Booking
staff_schedules,table,16384,0.00,0.02,0.00,0.00,id,1,0,2,0,,Staff
payment_history,table,8192,0.00,0.01,0.00,0.00,id,3,0,1,0,,Other
pending_payouts,table,8192,0.00,0.01,0.00,0.00,id,2,0,1,0,,Other
emergency_booking_queue,table,8192,0.00,0.01,0.00,0.00,id,2,0,1,0,,Other